21	000007ec	60	[]
27	00000828	92	[]
10	00000884	28	[]
21	000004cc	60	[FUN(000007ec), CALL(00000824)]
8	00000508	24	[FUN(000007ec), CALL(00000824)]
1031	000005c8	12	[FUN(000007ec), CALL(00000824)]
5	000005d4	12	[FUN(000007ec), CALL(00000824)]
0	000005e0	28	[FUN(000007ec), CALL(00000824)]
3	00000668	12	[FUN(000007ec), CALL(00000824)]
250	0000073c	16	[FUN(000007ec), CALL(00000824)]
5	0000074c	12	[FUN(000007ec), CALL(00000824)]
0	00000758	12	[FUN(000007ec), CALL(00000824)]
9	000007c4	20	[FUN(000007ec), CALL(00000824)]
30	00000764	96	[FUN(000007ec), CALL(00000824)]
240	00000674	12	[FUN(000007ec), CALL(00000824)]
800	00000680	60	[FUN(000007ec), CALL(00000824)]
1000	000006e8	84	[FUN(000007ec), CALL(00000824)]
0	000006bc	44	[FUN(000007ec), CALL(00000824)]
6	000005fc	12	[FUN(000007ec), CALL(00000824)]
27	00000608	96	[FUN(000007ec), CALL(00000824)]
3072	00000520	32	[FUN(000007ec), CALL(00000824)]
10240	00000540	136	[FUN(000007ec), CALL(00000824)]
6144	00000410	88	[FUN(000007ec), CALL(00000824), FUN(000004cc), CALL(0000053c)]
11776	000004ac	12	[FUN(000007ec), CALL(00000824), FUN(000004cc), CALL(0000053c)]
1536	000004b8	20	[FUN(000007ec), CALL(00000824), FUN(000004cc), CALL(0000053c)]
14336	00000468	12	[FUN(000007ec), CALL(00000824), FUN(000004cc), CALL(0000053c)]
18432	00000474	32	[FUN(000007ec), CALL(00000824), FUN(000004cc), CALL(0000053c)]
10240	000004a0	12	[FUN(000007ec), CALL(00000824), FUN(000004cc), CALL(0000053c)]
0	00000494	12	[FUN(000007ec), CALL(00000824), FUN(000004cc), CALL(0000053c)]
21	000004cc	60	[FUN(000007ec), CALL(00000880)]
8	00000508	24	[FUN(000007ec), CALL(00000880)]
7	000005c8	12	[FUN(000007ec), CALL(00000880)]
5	000005d4	12	[FUN(000007ec), CALL(00000880)]
0	000005e0	28	[FUN(000007ec), CALL(00000880)]
3	00000668	12	[FUN(000007ec), CALL(00000880)]
262	0000073c	16	[FUN(000007ec), CALL(00000880)]
5	0000074c	12	[FUN(000007ec), CALL(00000880)]
0	00000758	12	[FUN(000007ec), CALL(00000880)]
9	000007c4	20	[FUN(000007ec), CALL(00000880)]
31	00000764	96	[FUN(000007ec), CALL(00000880)]
252	00000674	12	[FUN(000007ec), CALL(00000880)]
840	00000680	60	[FUN(000007ec), CALL(00000880)]
1050	000006e8	84	[FUN(000007ec), CALL(00000880)]
0	000006bc	44	[FUN(000007ec), CALL(00000880)]
6	000005fc	12	[FUN(000007ec), CALL(00000880)]
27	00000608	96	[FUN(000007ec), CALL(00000880)]
0	00000520	32	[FUN(000007ec), CALL(00000880)]
0	00000540	136	[FUN(000007ec), CALL(00000880)]
0	00000410	88	[FUN(000007ec), CALL(00000880), FUN(000004cc), CALL(0000053c)]
0	000004ac	12	[FUN(000007ec), CALL(00000880), FUN(000004cc), CALL(0000053c)]
0	000004b8	20	[FUN(000007ec), CALL(00000880), FUN(000004cc), CALL(0000053c)]
0	00000468	12	[FUN(000007ec), CALL(00000880), FUN(000004cc), CALL(0000053c)]
0	00000474	32	[FUN(000007ec), CALL(00000880), FUN(000004cc), CALL(0000053c)]
0	000004a0	12	[FUN(000007ec), CALL(00000880), FUN(000004cc), CALL(0000053c)]
0	00000494	12	[FUN(000007ec), CALL(00000880), FUN(000004cc), CALL(0000053c)]
